SUBSETOR;SETORPAI;LIDERMAT
Contas a Pagar;Gerência Financeira;
Contas a Receber;Gerência Financeira;4353
Tesouraria;Gerência Financeira;
Cobrança;Gerência Financeira;
Coord. Fiscal Tributária;Gerência Contábil Fiscal;2918
Coord. Fiscal;Gerência Contábil Fiscal;2934
Coord. Inventário;Gerência Contábil Fiscal;2937
Segurança da Informação;TEX;4099
Novos Desenvolvimentos;TEX;3521
Sustentação;TEX;2976
TEX4OPS;TEX;2945
Compradores;Compras de Consumo e Serviço;
Obras;Obras e Manutenção;
Manutenção;Obras e Manutenção;
Agentes;Segurança;
Monitoramento;Segurança;
Sucesso do Colaborador;Gente e Cultura;
Atração e Seleção;Gente e Cultura;
Cultura e Performance;Gente e Cultura;2914
Aprendizagem e Desenvolvimento;Gente e Cultura;
BPs;Gente e Cultura;
Folha de Pagamento;Departamento Pessoal;
Benefícios;Departamento Pessoal;
Ponto;Departamento Pessoal;
Lançadores;Compras de Consumo e Serviço;
